<?xml version="1.0" encoding="UTF-8"?>
<list xmlns="http://seznam.gov.cz/ovm/datafile/seznam_ds/v1" source-system="https://www.mojedatovaschranka.cz/sds">
  <box>
    <name>Krajský soud v Brně</name>
    <address>
      <row1>Rooseveltova 648/16</row1>
      <row2>602 00 Brno</row2>
    </address>
  </box>
  <box>
    <name>Krajský soud v Českých Budějovicích</name>
    <address>
      <row1>Zátkovo nábř. 10/2</row1>
      <row2>370 01 České Budějovice</row2>
    </address>
  </box>
  <box>
    <name>Krajský soud v Hradci Králové</name>
    <address>
      <row1>Československé armády 218/57</row1>
      <row2>500 03 Hradec Králové</row2>
    </address>
  </box>
  <box>
    <name>Krajský soud v Ostravě</name>
    <address>
      <row1>Havlíčkovo nábřeží 1835/34</row1>
      <row2>702 00 Ostrava</row2>
    </address>
  </box>
  <box>
    <name>Krajský soud v Ostravě, pobočka v Olomouci (Krajský soud v Ostravě)</name>
    <address>
      <row1>Studentská 1187/7</row1>
      <row2>779 00 Olomouc</row2>
    </address>
  </box>
  <box>
    <name>Krajský soud v Plzni</name>
    <address>
      <row1>Veleslavínova 21/40</row1>
      <row2>301 00 Plzeň</row2>
    </address>
  </box>
  <box>
    <name>Krajský soud v Praze</name>
    <address>
      <row1>náměstí Kinských 234/5</row1>
      <row2>150 00 Praha 5</row2>
    </address>
  </box>
  <box>
    <name>Krajský soud v Ústí nad Labem</name>
    <address>
      <row1>Národního odboje 1274/26</row1>
      <row2>400 03 Ústí nad Labem</row2>
    </address>
  </box>
  <box>
    <name>Krajský soud v Ústí nad Labem, pobočka Liberec (Krajský soud v Ústí nad Labem)</name>
    <address>
      <row1>U Soudu 540/3</row1>
      <row2>460 72 Liberec</row2>
    </address>
  </box>
  <box>
    <name>Městský soud v Brně</name>
    <address>
      <row1>Polní 994/39</row1>
      <row2>639 00 Brno</row2>
    </address>
  </box>
  <box>
    <name>Městský soud v Praze</name>
    <address>
      <row1>Spálená 6/2</row1>
      <row2>120 00 Praha 2</row2>
    </address>
  </box>
  <box>
    <name>Nejvyšší soud</name>
    <address>
      <row1>Burešova 571/20</row1>
      <row2>602 00 Brno</row2>
    </address>
  </box>
  <box>
    <name>Nejvyšší správní soud</name>
    <address>
      <row1>Moravské náměstí 611/6</row1>
      <row2>602 00 Brno</row2>
    </address>
  </box>
  <box>
    <name>Obvodní soud pro Prahu 1</name>
    <address>
      <row1>Ovocný trh 587/14</row1>
      <row2>110 00 Praha 1</row2>
    </address>
  </box>
  <box>
    <name>Obvodní soud pro Prahu 10</name>
    <address>
      <row1>28. pluku 1533/29b</row1>
      <row2>100 00 Praha 10</row2>
    </address>
  </box>
  <box>
    <name>Obvodní soud pro Prahu 2</name>
    <address>
      <row1>Francouzská 808/19</row1>
      <row2>120 00 Praha 2</row2>
    </address>
  </box>
  <box>
    <name>Obvodní soud pro Prahu 3</name>
    <address>
      <row1>Jagellonská 1734/5</row1>
      <row2>130 00 Praha 3</row2>
    </address>
  </box>
  <box>
    <name>Obvodní soud pro Prahu 4</name>
    <address>
      <row1>28. pluku 1533/29b</row1>
      <row2>100 00 Praha 10</row2>
    </address>
  </box>
  <box>
    <name>Obvodní soud pro Prahu 5</name>
    <address>
      <row1>Hybernská 1006/18</row1>
      <row2>110 00 Praha 1</row2>
    </address>
  </box>
  <box>
    <name>Obvodní soud pro Prahu 6</name>
    <address>
      <row1>28. pluku 1533/29b</row1>
      <row2>100 00 Praha 10</row2>
    </address>
  </box>
  <box>
    <name>Obvodní soud pro Prahu 7</name>
    <address>
      <row1>Ovocný trh 587/14</row1>
      <row2>110 00 Praha 1</row2>
    </address>
  </box>
  <box>
    <name>Obvodní soud pro Prahu 8</name>
    <address>
      <row1>28. pluku 1533/29b</row1>
      <row2>100 00 Praha 10</row2>
    </address>
  </box>
  <box>
    <name>Obvodní soud pro Prahu 9</name>
    <address>
      <row1>28. pluku 1533/29b</row1>
      <row2>100 00 Praha 10</row2>
    </address>
  </box>
  <box>
    <name>Okresní soud Brno - venkov</name>
    <address>
      <row1>Polní 994/39</row1>
      <row2>639 00 Brno</row2>
    </address>
  </box>
  <box>
    <name>Okresní soud Jeseník</name>
    <address>
      <row1>Dukelská 761/2a</row1>
      <row2>790 01 Jeseník</row2>
    </address>
  </box>
  <box>
    <name>Okresní soud Plzeň - jih</name>
    <address>
      <row1>Edvarda Beneše 1127/1</row1>
      <row2>301 00 Plzeň</row2>
    </address>
  </box>
  <box>
    <name>Okresní soud Plzeň - město</name>
    <address>
      <row1>Nádražní 325/7</row1>
      <row2>301 00 Plzeň</row2>
    </address>
  </box>
  <box>
    <name>Okresní soud Plzeň - sever</name>
    <address>
      <row1>Edvarda Beneše 1127/1</row1>
      <row2>301 00 Plzeň</row2>
    </address>
  </box>
  <box>
    <name>Okresní soud Praha - východ</name>
    <address>
      <row1>Na poříčí 1044/20</row1>
      <row2>110 00 Praha 1</row2>
    </address>
  </box>
  <box>
    <name>Okresní soud Praha - západ</name>
    <address>
      <row1>Karmelitská 377/19</row1>
      <row2>118 00 Praha 1</row2>
    </address>
  </box>
  <box>
    <name>Okresní soud v Benešově</name>
    <address>
      <row1>Masarykovo náměstí 223</row1>
      <row2>256 01 Benešov</row2>
    </address>
  </box>
  <box>
    <name>Okresní soud v Berouně</name>
    <address>
      <row1>Wagnerovo nám. 1249/3</row1>
      <row2>266 01 Beroun</row2>
    </address>
  </box>
  <box>
    <name>Okresní soud v Blansku</name>
    <address>
      <row1>Hybešova 2047/5</row1>
      <row2>678 01 Blansko</row2>
    </address>
  </box>
  <box>
    <name>Okresní soud v Bruntále</name>
    <address>
      <row1>Partyzánská 1453/11</row1>
      <row2>792 01 Bruntál</row2>
    </address>
  </box>
  <box>
    <name>Okresní soud v Břeclavi</name>
    <address>
      <row1>Národních hrdinů 17/11</row1>
      <row2>690 02 Břeclav</row2>
    </address>
  </box>
  <box>
    <name>Okresní soud v České Lípě</name>
    <address>
      <row1>Děčínská 390/2</row1>
      <row2>470 01 Česká Lípa</row2>
    </address>
  </box>
  <box>
    <name>Okresní soud v Českém Krumlově</name>
    <address>
      <row1>Linecká 284</row1>
      <row2>381 01 Český Krumlov</row2>
    </address>
  </box>
  <box>
    <name>Okresní soud v Českých Budějovicích</name>
    <address>
      <row1>Lidická tř. 98/20</row1>
      <row2>370 01 České Budějovice</row2>
    </address>
  </box>
  <box>
    <name>Okresní soud v Děčíně</name>
    <address>
      <row1>Masarykovo nám. 1/1</row1>
      <row2>405 02 Děčín</row2>
    </address>
  </box>
  <box>
    <name>Okresní soud v Domažlicích</name>
    <address>
      <row1>Paroubkova 228</row1>
      <row2>344 01 Domažlice</row2>
    </address>
  </box>
  <box>
    <name>Okresní soud ve Frýdku-Místku</name>
    <address>
      <row1>Na Poříčí 3206</row1>
      <row2>738 01 Frýdek-Místek</row2>
    </address>
  </box>
  <box>
    <name>Okresní soud ve Strakonicích</name>
    <address>
      <row1>Smetanova 455</row1>
      <row2>386 01 Strakonice</row2>
    </address>
  </box>
  <box>
    <name>Okresní soud ve Svitavách</name>
    <address>
      <row1>Dimitrovova 679/33</row1>
      <row2>568 02 Svitavy</row2>
    </address>
  </box>
  <box>
    <name>Okresní soud ve Vsetíně</name>
    <address>
      <row1>Horní náměstí 5</row1>
      <row2>755 01 Vsetín</row2>
    </address>
  </box>
  <box>
    <name>Okresní soud ve Vyškově</name>
    <address>
      <row1>Kašíkova 314/28</row1>
      <row2>682 01 Vyškov</row2>
    </address>
  </box>
  <box>
    <name>Okresní soud ve Zlíně</name>
    <address>
      <row1>Dlouhé díly 351</row1>
      <row2>763 02 Zlín</row2>
    </address>
  </box>
  <box>
    <name>Okresní soud ve Znojmě</name>
    <address>
      <row1>náměstí Republiky 585/1</row1>
      <row2>669 02 Znojmo</row2>
    </address>
  </box>
  <box>
    <name>Okresní soud ve Žďáru nad Sázavou</name>
    <address>
      <row1>Strojírenská 2210/28</row1>
      <row2>591 01 Žďár nad Sázavou</row2>
    </address>
  </box>
  <box>
    <name>Okresní soud v Havlíčkově Brodě</name>
    <address>
      <row1>Husova 2895</row1>
      <row2>580 01 Havlíčkův Brod</row2>
    </address>
  </box>
  <box>
    <name>Okresní soud v Hodoníně</name>
    <address>
      <row1>Velkomoravská 2269/4</row1>
      <row2>695 01 Hodonín</row2>
    </address>
  </box>
  <box>
    <name>Okresní soud v Hradci Králové</name>
    <address>
      <row1>Ignáta Herrmanna 227/2</row1>
      <row2>500 03 Hradec Králové</row2>
    </address>
  </box>
  <box>
    <name>Okresní soud v Chebu</name>
    <address>
      <row1>Lidická 1066/1</row1>
      <row2>350 02 Cheb</row2>
    </address>
  </box>
  <box>
    <name>Okresní soud v Chomutově</name>
    <address>
      <row1>Na Příkopech 663</row1>
      <row2>430 01 Chomutov</row2>
    </address>
  </box>
  <box>
    <name>Okresní soud v Chrudimi</name>
    <address>
      <row1>Všehrdovo náměstí 45</row1>
      <row2>537 01 Chrudim</row2>
    </address>
  </box>
  <box>
    <name>Okresní soud v Jablonci nad Nisou</name>
    <address>
      <row1>Mírové náměstí 494/5</row1>
      <row2>466 01 Jablonec nad Nisou</row2>
    </address>
  </box>
  <box>
    <name>Okresní soud v Jičíně</name>
    <address>
      <row1>Šafaříkova 842</row1>
      <row2>506 01 Jičín</row2>
    </address>
  </box>
  <box>
    <name>Okresní soud v Jihlavě</name>
    <address>
      <row1>třída Legionářů 5277/9a</row1>
      <row2>586 01 Jihlava</row2>
    </address>
  </box>
  <box>
    <name>Okresní soud v Jindřichově Hradci</name>
    <address>
      <row1>Klášterská 123</row1>
      <row2>377 01 Jindřichův Hradec</row2>
    </address>
  </box>
  <box>
    <name>Okresní soud v Karlových Varech</name>
    <address>
      <row1>Moskevská 1163/17</row1>
      <row2>360 01 Karlovy Vary</row2>
    </address>
  </box>
  <box>
    <name>Okresní soud v Karviné</name>
    <address>
      <row1>park Bedřicha Smetany 176/5</row1>
      <row2>733 01 Karviná</row2>
    </address>
  </box>
  <box>
    <name>Okresní soud v Kladně</name>
    <address>
      <row1>nám. Edvarda Beneše 1997</row1>
      <row2>272 01 Kladno</row2>
    </address>
  </box>
  <box>
    <name>Okresní soud v Klatovech</name>
    <address>
      <row1>Dukelská 138</row1>
      <row2>339 01 Klatovy</row2>
    </address>
  </box>
  <box>
    <name>Okresní soud v Kolíně</name>
    <address>
      <row1>Kmochova 144</row1>
      <row2>280 02 Kolín</row2>
    </address>
  </box>
  <box>
    <name>Okresní soud v Kroměříži</name>
    <address>
      <row1>Soudní 1279/11</row1>
      <row2>767 01 Kroměříž</row2>
    </address>
  </box>
  <box>
    <name>Okresní soud v Kutné Hoře</name>
    <address>
      <row1>náměstí Národního odboje 58/6</row1>
      <row2>284 01 Kutná Hora</row2>
    </address>
  </box>
  <box>
    <name>Okresní soud v Liberci</name>
    <address>
      <row1>U Soudu 540/3</row1>
      <row2>460 01 Liberec</row2>
    </address>
  </box>
  <box>
    <name>Okresní soud v Litoměřicích</name>
    <address>
      <row1>Na Valech 525/12</row1>
      <row2>412 01 Litoměřice</row2>
    </address>
  </box>
  <box>
    <name>Okresní soud v Lounech</name>
    <address>
      <row1>Sladkovského 1132</row1>
      <row2>440 01 Louny</row2>
    </address>
  </box>
  <box>
    <name>Okresní soud v Mělníku</name>
    <address>
      <row1>Krombholcova 264/1</row1>
      <row2>276 01 Mělník</row2>
    </address>
  </box>
  <box>
    <name>Okresní soud v Mladé Boleslavi</name>
    <address>
      <row1>náměstí Republiky 100</row1>
      <row2>293 01 Mladá Boleslav</row2>
    </address>
  </box>
  <box>
    <name>Okresní soud v Mostě</name>
    <address>
      <row1>Moskevská 2</row1>
      <row2>434 01 Most</row2>
    </address>
  </box>
  <box>
    <name>Okresní soud v Náchodě</name>
    <address>
      <row1>Palachova 1303</row1>
      <row2>547 01 Náchod</row2>
    </address>
  </box>
  <box>
    <name>Okresní soud v Novém Jičíně</name>
    <address>
      <row1>Tyršova 1010/3</row1>
      <row2>741 01 Nový Jičín</row2>
    </address>
  </box>
  <box>
    <name>Okresní soud v Nymburce</name>
    <address>
      <row1>Soudní 996/10</row1>
      <row2>288 02 Nymburk</row2>
    </address>
  </box>
  <box>
    <name>Okresní soud v Olomouci</name>
    <address>
      <row1>tř. Svobody 685/16</row1>
      <row2>779 00 Olomouc</row2>
    </address>
  </box>
  <box>
    <name>Okresní soud v Opavě</name>
    <address>
      <row1>Olomoucká 297/27</row1>
      <row2>746 01 Opava</row2>
    </address>
  </box>
  <box>
    <name>Okresní soud v Ostravě</name>
    <address>
      <row1>U Soudu 6187/4</row1>
      <row2>708 00 Ostrava</row2>
    </address>
  </box>
  <box>
    <name>Okresní soud v Pardubicích</name>
    <address>
      <row1>Na Třísle 118</row1>
      <row2>530 02 Pardubice</row2>
    </address>
  </box>
  <box>
    <name>Okresní soud v Pelhřimově</name>
    <address>
      <row1>třída Legií 876</row1>
      <row2>393 01 Pelhřimov</row2>
    </address>
  </box>
  <box>
    <name>Okresní soud v Písku</name>
    <address>
      <row1>Velké náměstí 121/17</row1>
      <row2>397 01 Písek</row2>
    </address>
  </box>
  <box>
    <name>Okresní soud v Prachaticích</name>
    <address>
      <row1>Pivovarská 3</row1>
      <row2>383 01 Prachatice</row2>
    </address>
  </box>
  <box>
    <name>Okresní soud v Prostějově</name>
    <address>
      <row1>Havlíčkova 2936/16</row1>
      <row2>796 01 Prostějov</row2>
    </address>
  </box>
  <box>
    <name>Okresní soud v Přerově</name>
    <address>
      <row1>Smetanova 2016/2</row1>
      <row2>750 02 Přerov</row2>
    </address>
  </box>
  <box>
    <name>Okresní soud v Příbrami</name>
    <address>
      <row1>Milínská 167</row1>
      <row2>261 01 Příbram</row2>
    </address>
  </box>
  <box>
    <name>Okresní soud v Rakovníku</name>
    <address>
      <row1>Sixtovo náměstí 76</row1>
      <row2>269 01 Rakovník</row2>
    </address>
  </box>
  <box>
    <name>Okresní soud v Rokycanech</name>
    <address>
      <row1>Jiráskova 67</row1>
      <row2>337 01 Rokycany</row2>
    </address>
  </box>
  <box>
    <name>Okresní soud v Rychnově nad Kněžnou</name>
    <address>
      <row1>Svatohavelská 93</row1>
      <row2>516 01 Rychnov nad Kněžnou</row2>
    </address>
  </box>
  <box>
    <name>Okresní soud v Semilech</name>
    <address>
      <row1>Nádražní 25</row1>
      <row2>513 01 Semily</row2>
    </address>
  </box>
  <box>
    <name>Okresní soud v Sokolově</name>
    <address>
      <row1>Karla Havlíčka Borovského 57</row1>
      <row2>356 01 Sokolov</row2>
    </address>
  </box>
  <box>
    <name>Okresní soud v Šumperku</name>
    <address>
      <row1>M. R. Štefánika 784/12</row1>
      <row2>787 01 Šumperk</row2>
    </address>
  </box>
  <box>
    <name>Okresní soud v Táboře</name>
    <address>
      <row1>nám. Mikuláše z Husi 43</row1>
      <row2>390 01 Tábor</row2>
    </address>
  </box>
  <box>
    <name>Okresní soud v Tachově</name>
    <address>
      <row1>náměstí Republiky 71</row1>
      <row2>347 01 Tachov</row2>
    </address>
  </box>
  <box>
    <name>Okresní soud v Teplicích</name>
    <address>
      <row1>U soudu 1450</row1>
      <row2>415 01 Teplice</row2>
    </address>
  </box>
  <box>
    <name>Okresní soud v Trutnově</name>
    <address>
      <row1>Nádražní 106</row1>
      <row2>541 01 Trutnov</row2>
    </address>
  </box>
  <box>
    <name>Okresní soud v Třebíči</name>
    <address>
      <row1>Bráfova tř. 502/57</row1>
      <row2>674 01 Třebíč</row2>
    </address>
  </box>
  <box>
    <name>Okresní soud v Uherském Hradišti</name>
    <address>
      <row1>Svatováclavská 568</row1>
      <row2>686 01 Uherské Hradiště</row2>
    </address>
  </box>
  <box>
    <name>Okresní soud v Ústí nad Labem</name>
    <address>
      <row1>Kramoly 641/37</row1>
      <row2>400 03 Ústí nad Labem</row2>
    </address>
  </box>
  <box>
    <name>Okresní soud v Ústí nad Orlicí</name>
    <address>
      <row1>Husova 975</row1>
      <row2>562 01 Ústí nad Orlicí</row2>
    </address>
  </box>
  <box>
    <name>Ústavní soud</name>
    <address>
      <row1>Joštova 625/8</row1>
      <row2>602 00 Brno</row2>
    </address>
  </box>
  <box>
    <name>Vrchní soud v Olomouci</name>
    <address>
      <row1>Masarykova třída 609/1</row1>
      <row2>779 00 Olomouc</row2>
    </address>
  </box>
  <box>
    <name>Vrchní soud v Praze</name>
    <address>
      <row1>náměstí Hrdinů 1300/11</row1>
      <row2>140 00 Praha 4</row2>
    </address>
  </box>
</list>
